[
  {
    "date": "2023-09-11T10:48:50.272Z",
    "duration": 665,
    "requestType": "register"
  },
  {
    "date": "2023-09-11T10:48:50.295Z",
    "duration": 751,
    "requestType": "register"
  },
  {
    "date": "2023-09-11T10:48:50.786Z",
    "duration": 158,
    "requestType": "gameFilter"
  },
  {
    "date": "2023-09-11T10:48:50.948Z",
    "duration": 162,
    "requestType": "gameFilter"
  },
  {
    "date": "2023-09-11T10:48:51.112Z",
    "duration": 162,
    "requestType": "gameFilter"
  },
  {
    "date": "2023-09-11T10:48:51.282Z",
    "duration": 169,
    "requestType": "gameFilter"
  },
  {
    "date": "2023-09-11T10:48:51.429Z",
    "duration": 146,
    "requestType": "unsubscribeEmail"
  },
  {
    "date": "2023-09-11T10:48:51.585Z",
    "duration": 157,
    "requestType": "gameFilter"
  },
  {
    "date": "2023-09-11T10:48:51.749Z",
    "duration": 163,
    "requestType": "gameFilter"
  },
  {
    "date": "2023-09-11T10:48:51.914Z",
    "duration": 165,
    "requestType": "gameFilter"
  },
  {
    "date": "2023-09-11T10:48:52.051Z",
    "duration": 135,
    "requestType": "unsubscribeEmail"
  },
  {
    "date": "2023-09-11T10:48:52.215Z",
    "duration": 166,
    "requestType": "gameFilter"
  },
  {
    "date": "2023-09-11T10:48:52.380Z",
    "duration": 164,
    "requestType": "gameFilter"
  },
  {
    "date": "2023-09-11T10:48:52.526Z",
    "duration": 146,
    "requestType": "getBalance"
  },
  {
    "date": "2023-09-11T10:48:52.720Z",
    "duration": 193,
    "requestType": "createGame"
  },
  {
    "date": "2023-09-11T10:48:53.019Z",
    "duration": 300,
    "requestType": "inviteToGame"
  },
  {
    "date": "2023-09-11T10:48:53.429Z",
    "duration": 409,
    "requestType": "acceptGame"
  },
  {
    "date": "2023-09-11T10:48:53.619Z",
    "duration": 189,
    "requestType": "setRoomBid"
  },
  {
    "date": "2023-09-11T10:48:53.828Z",
    "duration": 210,
    "requestType": "setRoomBid"
  },
  {
    "date": "2023-09-11T10:48:54.003Z",
    "duration": 174,
    "requestType": "setReady"
  },
  {
    "date": "2023-09-11T10:48:54.248Z",
    "duration": 245,
    "requestType": "setReady"
  },
  {
    "date": "2023-09-11T10:48:54.501Z",
    "duration": 252,
    "requestType": "setVerdict"
  },
  {
    "date": "2023-09-11T10:48:54.840Z",
    "duration": 339,
    "requestType": "setVerdict"
  },
  {
    "date": "2023-09-11T10:48:54.982Z",
    "duration": 142,
    "requestType": "getBalance "
  },
  {
    "date": "2023-09-11T10:48:55.291Z",
    "duration": 195,
    "requestType": "message"
  },
  {
    "date": "2023-09-11T10:48:55.469Z",
    "duration": 177,
    "requestType": "userInfo"
  },
  {
    "date": "2023-09-11T10:48:55.610Z",
    "duration": 141,
    "requestType": "getListMessages"
  },
  {
    "date": "2023-09-11T10:48:55.901Z",
    "duration": 176,
    "requestType": "message"
  },
  {
    "date": "2023-09-11T10:48:56.089Z",
    "duration": 187,
    "requestType": "userInfo"
  },
  {
    "date": "2023-09-11T10:48:56.256Z",
    "duration": 167,
    "requestType": "getListMessages"
  },
  {
    "date": "2023-09-11T10:48:56.531Z",
    "duration": 169,
    "requestType": "message"
  },
  {
    "date": "2023-09-11T10:48:56.722Z",
    "duration": 190,
    "requestType": "userInfo"
  },
  {
    "date": "2023-09-11T10:48:56.879Z",
    "duration": 158,
    "requestType": "getListMessages"
  },
  {
    "date": "2023-09-11T10:48:57.162Z",
    "duration": 178,
    "requestType": "message"
  },
  {
    "date": "2023-09-11T10:48:57.346Z",
    "duration": 184,
    "requestType": "userInfo"
  },
  {
    "date": "2023-09-11T10:48:57.520Z",
    "duration": 174,
    "requestType": "getListMessages"
  },
  {
    "date": "2023-09-11T10:48:57.806Z",
    "duration": 184,
    "requestType": "message"
  },
  {
    "date": "2023-09-11T10:48:57.984Z",
    "duration": 179,
    "requestType": "userInfo"
  },
  {
    "date": "2023-09-11T10:48:58.150Z",
    "duration": 166,
    "requestType": "getListMessages"
  },
  {
    "date": "2023-09-11T10:48:58.438Z",
    "duration": 178,
    "requestType": "message"
  },
  {
    "date": "2023-09-11T10:48:58.608Z",
    "duration": 169,
    "requestType": "userInfo"
  },
  {
    "date": "2023-09-11T10:48:58.762Z",
    "duration": 154,
    "requestType": "getListMessages"
  },
  {
    "date": "2023-09-11T10:48:59.053Z",
    "duration": 176,
    "requestType": "message"
  },
  {
    "date": "2023-09-11T10:48:59.231Z",
    "duration": 177,
    "requestType": "userInfo"
  },
  {
    "date": "2023-09-11T10:48:59.387Z",
    "duration": 156,
    "requestType": "getListMessages"
  },
  {
    "date": "2023-09-11T10:48:59.673Z",
    "duration": 173,
    "requestType": "message"
  },
  {
    "date": "2023-09-11T10:48:59.863Z",
    "duration": 190,
    "requestType": "userInfo"
  },
  {
    "date": "2023-09-11T10:49:00.018Z",
    "duration": 154,
    "requestType": "getListMessages"
  },
  {
    "date": "2023-09-11T10:49:00.302Z",
    "duration": 178,
    "requestType": "message"
  },
  {
    "date": "2023-09-11T10:49:00.476Z",
    "duration": 173,
    "requestType": "userInfo"
  },
  {
    "date": "2023-09-11T10:49:00.632Z",
    "duration": 156,
    "requestType": "getListMessages"
  },
  {
    "date": "2023-09-11T10:49:00.915Z",
    "duration": 180,
    "requestType": "message"
  },
  {
    "date": "2023-09-11T10:49:01.102Z",
    "duration": 186,
    "requestType": "userInfo"
  },
  {
    "date": "2023-09-11T10:49:01.255Z",
    "duration": 154,
    "requestType": "getListMessages"
  },
  {
    "date": "2023-09-11T10:49:01.435Z",
    "duration": 179,
    "requestType": "gameFilter"
  },
  {
    "date": "2023-09-11T10:49:01.595Z",
    "duration": 159,
    "requestType": "gameFilter"
  },
  {
    "date": "2023-09-11T10:49:01.754Z",
    "duration": 158,
    "requestType": "getBalance"
  },
  {
    "date": "2023-09-11T10:49:01.932Z",
    "duration": 178,
    "requestType": "createGame"
  },
  {
    "date": "2023-09-11T10:49:02.205Z",
    "duration": 273,
    "requestType": "inviteToGame"
  },
  {
    "date": "2023-09-11T10:49:02.616Z",
    "duration": 411,
    "requestType": "acceptGame"
  },
  {
    "date": "2023-09-11T10:49:02.794Z",
    "duration": 178,
    "requestType": "setRoomBid"
  },
  {
    "date": "2023-09-11T10:49:02.977Z",
    "duration": 184,
    "requestType": "setRoomBid"
  },
  {
    "date": "2023-09-11T10:49:03.143Z",
    "duration": 165,
    "requestType": "setReady"
  },
  {
    "date": "2023-09-11T10:49:03.389Z",
    "duration": 247,
    "requestType": "setReady"
  },
  {
    "date": "2023-09-11T10:49:03.632Z",
    "duration": 242,
    "requestType": "setVerdict"
  },
  {
    "date": "2023-09-11T10:49:03.961Z",
    "duration": 329,
    "requestType": "setVerdict"
  },
  {
    "date": "2023-09-11T10:49:04.110Z",
    "duration": 150,
    "requestType": "getBalance "
  },
  {
    "date": "2023-09-11T10:49:04.272Z",
    "duration": 161,
    "requestType": "gameFilter"
  },
  {
    "date": "2023-09-11T10:49:04.440Z",
    "duration": 167,
    "requestType": "gameFilter"
  },
  {
    "date": "2023-09-11T10:49:04.727Z",
    "duration": 186,
    "requestType": "message"
  },
  {
    "date": "2023-09-11T10:49:04.909Z",
    "duration": 181,
    "requestType": "userInfo"
  },
  {
    "date": "2023-09-11T10:49:05.072Z",
    "duration": 163,
    "requestType": "getListMessages"
  },
  {
    "date": "2023-09-11T10:49:05.367Z",
    "duration": 187,
    "requestType": "message"
  },
  {
    "date": "2023-09-11T10:49:05.562Z",
    "duration": 195,
    "requestType": "userInfo"
  },
  {
    "date": "2023-09-11T10:49:05.714Z",
    "duration": 153,
    "requestType": "getListMessages"
  },
  {
    "date": "2023-09-11T10:49:05.997Z",
    "duration": 176,
    "requestType": "message"
  },
  {
    "date": "2023-09-11T10:49:06.178Z",
    "duration": 181,
    "requestType": "userInfo"
  },
  {
    "date": "2023-09-11T10:49:06.349Z",
    "duration": 171,
    "requestType": "getListMessages"
  },
  {
    "date": "2023-09-11T10:49:06.636Z",
    "duration": 178,
    "requestType": "message"
  },
  {
    "date": "2023-09-11T10:49:06.816Z",
    "duration": 179,
    "requestType": "userInfo"
  },
  {
    "date": "2023-09-11T10:49:06.981Z",
    "duration": 166,
    "requestType": "getListMessages"
  },
  {
    "date": "2023-09-11T10:49:07.266Z",
    "duration": 170,
    "requestType": "message"
  },
  {
    "date": "2023-09-11T10:49:07.665Z",
    "duration": 399,
    "requestType": "userInfo"
  },
  {
    "date": "2023-09-11T10:49:07.818Z",
    "duration": 154,
    "requestType": "getListMessages"
  },
  {
    "date": "2023-09-11T10:49:08.104Z",
    "duration": 179,
    "requestType": "message"
  },
  {
    "date": "2023-09-11T10:49:08.293Z",
    "duration": 189,
    "requestType": "userInfo"
  },
  {
    "date": "2023-09-11T10:49:08.446Z",
    "duration": 153,
    "requestType": "getListMessages"
  },
  {
    "date": "2023-09-11T10:49:08.724Z",
    "duration": 172,
    "requestType": "message"
  },
  {
    "date": "2023-09-11T10:49:08.898Z",
    "duration": 174,
    "requestType": "userInfo"
  },
  {
    "date": "2023-09-11T10:49:09.061Z",
    "duration": 162,
    "requestType": "getListMessages"
  },
  {
    "date": "2023-09-11T10:49:09.338Z",
    "duration": 174,
    "requestType": "message"
  },
  {
    "date": "2023-09-11T10:49:09.527Z",
    "duration": 190,
    "requestType": "userInfo"
  },
  {
    "date": "2023-09-11T10:49:09.684Z",
    "duration": 156,
    "requestType": "getListMessages"
  },
  {
    "date": "2023-09-11T10:49:09.958Z",
    "duration": 171,
    "requestType": "message"
  },
  {
    "date": "2023-09-11T10:49:10.141Z",
    "duration": 183,
    "requestType": "userInfo"
  },
  {
    "date": "2023-09-11T10:49:10.295Z",
    "duration": 153,
    "requestType": "getListMessages"
  },
  {
    "date": "2023-09-11T10:49:10.577Z",
    "duration": 180,
    "requestType": "message"
  },
  {
    "date": "2023-09-11T10:49:10.755Z",
    "duration": 177,
    "requestType": "userInfo"
  },
  {
    "date": "2023-09-11T10:49:10.920Z",
    "duration": 165,
    "requestType": "getListMessages"
  },
  {
    "date": "2023-09-11T10:49:11.084Z",
    "duration": 164,
    "requestType": "gameFilter"
  },
  {
    "date": "2023-09-11T10:49:11.250Z",
    "duration": 166,
    "requestType": "gameFilter"
  },
  {
    "date": "2023-09-11T10:49:11.412Z",
    "duration": 161,
    "requestType": "gameFilter"
  },
  {
    "date": "2023-09-11T10:49:11.571Z",
    "duration": 159,
    "requestType": "getBalance"
  },
  {
    "date": "2023-09-11T10:49:11.756Z",
    "duration": 184,
    "requestType": "createGame"
  },
  {
    "date": "2023-09-11T10:49:12.052Z",
    "duration": 296,
    "requestType": "inviteToGame"
  },
  {
    "date": "2023-09-11T10:49:12.468Z",
    "duration": 415,
    "requestType": "acceptGame"
  },
  {
    "date": "2023-09-11T10:49:12.658Z",
    "duration": 191,
    "requestType": "setRoomBid"
  },
  {
    "date": "2023-09-11T10:49:12.850Z",
    "duration": 192,
    "requestType": "setRoomBid"
  },
  {
    "date": "2023-09-11T10:49:13.026Z",
    "duration": 175,
    "requestType": "setReady"
  },
  {
    "date": "2023-09-11T10:49:13.278Z",
    "duration": 251,
    "requestType": "setReady"
  },
  {
    "date": "2023-09-11T10:49:13.531Z",
    "duration": 253,
    "requestType": "setVerdict"
  },
  {
    "date": "2023-09-11T10:49:13.882Z",
    "duration": 351,
    "requestType": "setVerdict"
  },
  {
    "date": "2023-09-11T10:49:14.029Z",
    "duration": 146,
    "requestType": "getBalance "
  },
  {
    "date": "2023-09-11T10:49:14.189Z",
    "duration": 160,
    "requestType": "gameFilter"
  },
  {
    "date": "2023-09-11T10:49:14.342Z",
    "duration": 151,
    "requestType": "getBalance"
  },
  {
    "date": "2023-09-11T10:49:14.534Z",
    "duration": 192,
    "requestType": "createGame"
  },
  {
    "date": "2023-09-11T10:49:14.818Z",
    "duration": 285,
    "requestType": "inviteToGame"
  },
  {
    "date": "2023-09-11T10:49:15.226Z",
    "duration": 407,
    "requestType": "acceptGame"
  },
  {
    "date": "2023-09-11T10:49:15.411Z",
    "duration": 184,
    "requestType": "setRoomBid"
  },
  {
    "date": "2023-09-11T10:49:15.591Z",
    "duration": 181,
    "requestType": "setRoomBid"
  },
  {
    "date": "2023-09-11T10:49:15.778Z",
    "duration": 186,
    "requestType": "setReady"
  },
  {
    "date": "2023-09-11T10:49:16.029Z",
    "duration": 252,
    "requestType": "setReady"
  },
  {
    "date": "2023-09-11T10:49:16.283Z",
    "duration": 253,
    "requestType": "setVerdict"
  },
  {
    "date": "2023-09-11T10:49:16.636Z",
    "duration": 354,
    "requestType": "setVerdict"
  },
  {
    "date": "2023-09-11T10:49:16.777Z",
    "duration": 140,
    "requestType": "getBalance "
  },
  {
    "date": "2023-09-11T10:49:16.947Z",
    "duration": 170,
    "requestType": "gameFilter"
  },
  {
    "date": "2023-09-11T10:49:17.110Z",
    "duration": 162,
    "requestType": "gameFilter"
  },
  {
    "date": "2023-09-11T10:49:17.595Z",
    "duration": 484,
    "requestType": "deleteacc"
  },
  {
    "date": "2023-09-11T10:49:17.918Z",
    "duration": 323,
    "requestType": "deleteacc"
  }
]